Northern California:
  - Del Norte
  - Glenn
  - Humboldt
  - Lake
  - Lassen
  - Mendocino
  - Modoc
  - Shasta
  - Siskiyou
  - Tehama
  - Trinity
San Francisco Bay Area:
  - Alameda
  - Contra Costa
  - Marin
  - Monterey
  - Napa
  - San Francisco
  - San Mateo
  - Santa Clara
  - Santa Cruz
  - Solano
  - Sonoma
Greater Sacramento:
  - Alpine
  - Amador
  - Butte
  - Colusa
  - El Dorado
  - Nevada
  - Placer
  - Plumas
  - Sacramento
  - Sierra
  - Sutter
  - Yolo
  - Yuba
San Joaquin:
  - Calaveras
  - Fresno
  - Kern
  - Kings
  - Madera
  - Mariposa
  - Merced
  - San Benito
  - San Joaquin
  - Stanislaus
  - Tulare
  - Tuolumne
Southern California:
  - Imperial
  - Inyo
  - Los Angeles
  - Mono
  - Orange
  - Riverside
  - San Bernardino
  - San Diego
  - San Luis Obispo
  - Santa Barbara
  - Ventura